"","id","sub_category","variant","rank","size","category"
"53",54,"endurance","rs1815739",2,5,"power"
"54",55,"endurance","rs1799752",1,8,"power"
"55",56,"endurance","rs1042713",1,8,"power"
"56",57,"endurance","rs4994",3,7,"power"
"57",58,"endurance","rs1799722",1,6,"power"
"58",59,"endurance","rs12722",3,3,"power"
"59",60,"endurance","rs5443",1,9,"power"
"60",61,"power","rs1815739",2,4,"power"
"61",62,"power","rs1799752",1,4,"power"
"62",63,"power","rs699",1,6,"power"
"63",64,"energy","rs11549465",1,8,"power"
"64",65,"energy","rs17099207",4,8,"power"
"65",66,"energy","rs8192678",4,6,"power"
"66",67,"muscle fatigue","rs1885088",3,5,"power"
"67",68,"muscle fatigue","rs745975",2,3,"power"
"68",69,"muscle fatigue","rs1208",2,8,"power"
"69",70,"muscle repair","rs1143634",1,6,"power"
"70",71,"muscle repair","rs16944",1,6,"power"
"71",72,"strength","rs1799945",1,5,"power"
"72",73,"strength","rs1800562",1,8,"power"
"73",74,"strength","rs11549465",1,5,"power"
"74",75,"strength","rs35767",3,6,"power"
"75",76,"strength","rs1805086",4,3,"power"
"76",77,"heart capacity","rs2253206 ",1,7,"power"
"77",78,"heart capacity","rs211302",1,8,"power"
"78",79,"heart capacity","rs2070744",3,6,"power"
"79",80,"heart capacity","rs16139",1,5,"power"
"80",81,"lung capacity","rs1801253",1,6,"power"
"81",82,"lung capacity","rs429358",1,8,"power"
"82",83,"lung capacity","rs7412",1,7,"power"
"83",84,"lung capacity","rs2402970",1,5,"power"
"84",85,"lung capacity","rs6949152",1,9,"power"
"85",86,"Metabolism","rs17602729",1,8,"power"
"86",87,"Metabolism","rs5070",3,7,"power"
"87",88,"Metabolism","rs4253778",1,4,"power"
"88",89,"Metabolism","rs2016520",4,9,"power"
"89",90,"Metabolism","rs2267668",3,7,"power"
"90",91,"recovery","rs1803285",1,4,"power"
"91",92,"recovery","rs1800795",3,8,"power"
"92",93,"propensity to exercise","rs12612420",1,5,"power"
"93",94,"propensity to exercise","rs10887741",3,4,"power"
"94",95,"propensity to exercise","rs8097348",3,3,"power"
"95",96,"ligament strength","rs2073711",3,8,"power"
"96",97,"ligament strength","rs1800012",2,5,"power"
"97",98,"ligament strength","rs13946a",2,5,"power"
"98",99,"tendon strength","rs1800012",3,8,"power"
"99",100,"tendon strength","rs12722",1,7,"power"
"100",101,"tendon strength","rs3196378",1,6,"power"
"101",102,"tendon strength","rs143383",1,4,"power"
"102",103,"tendon strength","rs591058",2,9,"power"
"103",104,"tendon strength","rs650108",2,8,"power"
"104",105,"tendon strength","rs679620",2,7,"power"
