"","id","category","sub_category","gene_name","gene_function","rs_id","pmid","x_cases","x_controls","p_value","odds_ratio","journal_rank","rank","far_allele","hypothetical_genotype","varient_score","weight","remark_1","remark_2","remark_3"
"1",1,1,"endurance","ACTN3","ACTN3 (actinin alpha 3) is an actin-binding protein expressed in skeletal muscle that is involved in the ability of muscles to produce fast contractions.","rs1815739",17550918,112,123,"0.041","n/a","4084",2,"T","TT",3,2,NA,NA,NA
"2",2,1,"endurance","ACE","ACE (angiotensin-converting enzyme) is a vasoconstrictor enzyme that is related to electrolyte balance and systemic blood pressure by causing blood vessels to constrict and blood pressure to increase. In athletic performance, it is related to cardiovascular and skeletal muscle function, fast twitch muscle activity, and muscle efficiency.","rs1799752",19237423,46,123,"0.006","1.5","n/a",1,"I","II",2,1,NA,NA,NA
"3",3,1,"endurance","ADRB2","ADRB2/ADRB3 (adrenergic beta-2/beta-3 receptor) encode proteins in the family of beta adrenergic receptors which trigger agonist-stimulated adenylyl cyclase activity to divert blood flow to skeletal muscle. The beta-2-adrenergic receptor is responsible for increases in bronchodilation, ventricular function, and vasodilation, which impact the cardiovascular and pulmonary response to exercise. The beta-3-adrenergic receptor is involved in the regulation of lipolysis and thermogenesis.","rs1042713",20044476,438,0,"0.01","n/a","749",1,"A","AG",1,1,NA,NA,NA
"4",4,1,"endurance","ADRB3 ","ADRB2/ADRB3 (adrenergic beta-2/beta-3 receptor) encode proteins in the family of beta adrenergic receptors which trigger agonist-stimulated adenylyl cyclase activity to divert blood flow to skeletal muscle. The beta-2-adrenergic receptor is responsible for increases in bronchodilation, ventricular function, and vasodilation, which impact the cardiovascular and pulmonary response to exercise. The beta-3-adrenergic receptor is involved in the regulation of lipolysis and thermogenesis.","rs4994",19553224,153,100,"0.001","n/a","4084",3,"C","AA",1,3,NA,NA,NA
"5",5,1,"endurance","BDKRB2 ","BDKRB2 (bradykinin receptor B2) is a receptor for the peptide bradykinin which causes blood vessels to enlarge (dilate) due to the relaxation of the muscular wall of the vessels, and causes blood pressure to decrease.","rs1799722",20044476,438,0,"0.018","n/a","749",1,"T","CT",2,1,NA,NA,NA
"6",6,1,"endurance","COL5A1 ","COL5A1 (collagen type V, alpha 1) is a member of group I collagen (fibrillar forming collagen) which is believed to regulate fibrillogenesis within tendons and other connective tissue. It is related to flexibility as a measure of athletic performance.","rs12722",20798666,129,216,"0.006","6.6","n/a",3,"T","CC",NA,3,NA,NA,NA
"7",7,1,"endurance","GNB3 ","GNB3 (guanine nucleotide-binding protein subunit beta-3) is involved in transmembrane signaling systems and G protein activation of hormones, neurotransmitters, chemokines, and local mediators that may be conducive to athletic performance.","rs5443",19139061,155,234,"0.046","4.49","2490",1,"C","CC",NA,1,NA,NA,NA
"8",8,1,"power","ACTN3 ","ACTN3 (actinin alpha 3) is an actin-binding protein expressed in skeletal muscle that is involved in the ability of muscles to produce fast contractions.","rs1815739",17550918,112,123,"0.041","n/a","4084",2,"T","CC",NA,2,NA,NA,NA
"9",9,1,"power","ACE ","ACE (angiotensin-converting enzyme) is a vasoconstrictor enzyme that is related to electrolyte balance and systemic blood pressure by causing blood vessels to constrict and blood pressure to increase. In athletic performance, it is related to cardiovascular and skeletal muscle function, fast twitch muscle activity, and muscle efficiency.","rs1799752",19237423,46,123,"0.006","1.5","n/a",1,"D","II",NA,1,NA,NA,NA
"10",10,1,"power","AGT ","AGT (angiotensinogen) is an essential component of the renin-angiotensin system (RAS), a regulator of blood pressure, body fluid, and electrolyte homeostasis, and in athletic performance, blood pressure response to exercise.","rs699",20029521,163,119,"0.008","1.681","n/a",1,"C","AG",NA,1,NA,NA,NA
"11",11,1,"energy/anaerobic","HIF1A ","HIF1A (hypoxia-inducible factor-1) is a transcription factor regulating several genes in response to hypoxic stimuli, specifically the generation of proteins involved in oxygen transport, glycolytic enzymes, and glucose transporters.","rs11549465",20299614,316,304,"0.017","1.77","749",1,"T","CC",NA,1,NA,NA,NA
"12",12,1,"energy/anaerobic","HIF1A ","HIF1A (hypoxia-inducible factor-1) is a transcription factor regulating several genes in response to hypoxic stimuli, specifically the generation of proteins involved in oxygen transport, glycolytic enzymes, and glucose transporters.","rs17099207",20299614,316,304,"0.012","2.37","749",4,"A","AT",NA,4,NA,NA,NA
"13",13,1,"energy/anaerobic","PPARGC1A ","PPARGC1A (peroxisome proliferator-activated receptor gamma, coactivator 1 alpha) is a transcriptional coactivator for steroid receptors and nuclear receptors which increases the activity of PPARG and thyroid hormone receptors. It regulates energy metabolism, mitochondrial biogenesis, thermogenesis, and skeletal muscle fiber-type conversion.","rs8192678",20044476,438,0,"0.71","n/a","749",4,"G","CT",NA,4,NA,NA,NA
"14",14,2,"muscle fatigue","HNF4A ","HNF4A (hepatocyte nuclear factor 4, alpha) is a transcription factor expressed in liver, intestine, pancreatic islets, and kidney. It regulates genes involved in lipid metabolism, insulin secretion, and glucose homeostasis.","rs1885088",19406499,102,426,"0.0001","n/a","2938",3,"A","GG",NA,3,NA,NA,NA
"15",15,2,"muscle fatigue","HNF4A ","HNF4A (hepatocyte nuclear factor 4, alpha) is a transcription factor expressed in liver, intestine, pancreatic islets, and kidney. It regulates genes involved in lipid metabolism, insulin secretion, and glucose homeostasis.","rs745975",19406499,102,426,"0.03","n/a","2938",2,"T","CT",NA,2,NA,NA,NA
"16",16,2,"muscle fatigue","NAT2 ","NAT2 (N-acetyltransferase 2) encodes an enzyme that is involved in carcinogen and drug metabolism. In athletic performance, this could translate into the ability to regulate ROS (reactive oxygen species) production and ROS-induced damage as high levels of ROS alter muscle contractility resulting in fatigue.","rs1208",20459474,100,53,"0.002","3.685","n/a",2,"A","AG",NA,2,NA,NA,NA
"17",17,2,"muscle repair","IL-1B ","IL-1B (interleukin 1, beta) is a cytokine that is an important mediator of the inflammatory response, and active in skeletal muscle repair during and after exercise.","rs1143634",20175886,205,458,"0.495","1.93","n/a",1,"T","GG",NA,1,NA,NA,NA
"18",18,2,"muscle repair","IL-1B ","IL-1B (interleukin 1, beta) is a cytokine that is an important mediator of the inflammatory response, and active in skeletal muscle repair during and after exercise.","rs16944",20175886,205,458,"0.264","1.93","n/a",1,"C","GG",NA,1,NA,NA,NA
"19",19,2,"strength","HFE ","HFE (hereditary hemochromatosis protein) encodes a protein that associates with beta2-microglobulin. It controls iron absorption by regulating the interaction of the transferrin receptor with transferrin. The iron storage disorder, hereditary haemochromatosis, is a recessive genetic disorder that results from defects in this gene; in athletic performance, it is related to the ability to store iron without deleterious health effects.","rs1799945",15273174,65,134,"0.03","n/a","4084",1,"G","CC",NA,1,NA,NA,NA
"20",20,2,"strength","HFE ","HFE (hereditary hemochromatosis protein) encodes a protein that associates with beta2-microglobulin. It controls iron absorption by regulating the interaction of the transferrin receptor with transferrin. The iron storage disorder, hereditary haemochromatosis, is a recessive genetic disorder that results from defects in this gene; in athletic performance, it is related to the ability to store iron without deleterious health effects.","rs1800562",15273174,65,134,"0.01","n/a","4084",1,"A","GG",NA,1,NA,NA,NA
"21",21,2,"strength","HIF1A "," HIF1A (hypoxia-inducible factor-1) is a transcription factor regulating several genes in response to hypoxic stimuli, specifically the generation of proteins involved in oxygen transport, glycolytic enzymes, and glucose transporters. ","rs11549465",20299614,316,304,"0.017","1.77","749",1,"T","CC",NA,1,NA,NA,NA
"22",22,2,"strength","IGF1 ","IGF1 (insulin-like growth factor 1) encodes proteins that are engaged in growth-promoting activity, particularly muscle growth and development.","rs35767",20490824,2999,469,"0.05","n/a","2383",3,"T","AG",NA,3,NA,NA,NA
"23",23,2,"strength","MSTN GDF8 ","MSTN GDF8 (myostatin, growth differentiation factor 8) encodes a protein that is a member of the bone morphogenetic protein (BMP) family and the TGF-beta superfamily. It acts as a negative regulator of skeletal muscle growth.","rs1805086",18801770,141,123,"0.903","n/a","4084",4,"A","NA",NA,4,NA,NA,NA
"24",24,3,"heart capacity","CREB1 ","CREB1 (cAMP-responsive element-binding protein 1) expression influences heart rate response to regular exercise. A physically active individual can perform the same amount of physical work with less strain on the heart.","rs2253206 ",20407090,472,0,"1.60E-05","n/a","n/a",1,"G","AG",NA,1,NA,NA,NA
"25",25,3,"heart capacity","KIF5B ","KIF5B (kinesin family member 5B) is related to the normal distribution of mitochondria and lysosomes. Changes in KIF5B expression alter mitochondrial localization and biogenesis in a manner that could affect the ability of the heart to adjust to regular exercise.","rs211302",18984674,742,0,"0.03","n/a","1594",1,"C","CC",NA,1,NA,NA,NA
"26",26,3,"heart capacity","NOS3 ","NOS3 (nitric oxide synthase 3) produces nitric oxide (NO), a biologic mediator associated with cardiovascular response to exertion and vascular smooth muscle relaxation.","rs2070744",20459474,100,53,"0.002","3.138","n/a",3,"T","TT",NA,3,NA,NA,NA
"27",27,3,"heart capacity","NPY ","NPY (neuropeptide Y) encodes a neuropeptide that is widely expressed in the central nervous system and influences cardiovascular function, including heart rate response to exercise and blood lipid concentrations.","rs16139",20459474,100,53,"0.733","n/a","n/a",1,"T","TT",NA,1,NA,NA,NA
"28",28,3,"lung capacity","ADRB1 ","ADRB1 (adrenergic beta-3 receptor) mediates epinephrine and norepinephrine which dilate air passages and are related to peak oxygen uptake and increased cardiac output.","rs1801253",20459474,100,53,"0.137","n/a","n/a",1,"G","CC",NA,1,NA,NA,NA
"29",29,3,"lung capacity","APOE ","APOE (apolipoprotein E) relates to oxygen-intake capacity and metabolic regulation through the binding and catabolism of lipoproteins.","rs429358",20459474,100,53,"0.844","n/a","n/a",1,"C","TT",NA,1,NA,NA,NA
"30",30,3,"lung capacity","APOE ","APOE (apolipoprotein E) relates to oxygen-intake capacity and metabolic regulation through the binding and catabolism of lipoproteins.","rs7412",20459474,100,53,"0.754","n/a","n/a",1,"A","CC",NA,1,NA,NA,NA
"31",31,3,"lung capacity","NRF1 ","NRF1 (nuclear respiratory factor 1) activates the expression of EIF2S1 which is related to respiration. Oxygen uptake and aerobic capacity is influenced through mitochondrial biogenesis and oxidative phosphorylation (ATP production) is increased.","rs2402970",18184751,181,0,"0.004","n/a","4084",1,"T","CC",NA,1,NA,NA,NA
"32",32,3,"lung capacity","NRF1 ","NRF1 (nuclear respiratory factor 1) activates the expression of EIF2S1 which is related to respiration. Oxygen uptake and aerobic capacity is influenced through mitochondrial biogenesis and oxidative phosphorylation (ATP production) is increased.","rs6949152",18184751,181,0,"0.047","n/a","4084",1,"A","AA",NA,1,NA,NA,NA
"33",33,4,"Metabolism","AMPD1 ","AMPD1 (adenosine monophosphate deaminase 1) encodes an enzyme that regulates muscle glycolysis (ATP production and uptake) during exercise.","rs17602729",20044476,438,0,"0.04","n/a","749",1,"G","GG",NA,1,NA,NA,NA
"34",34,4,"Metabolism","APOA1 ","APOA1 (apolipoprotein A-I) is the major protein component of high density lipoprotein (HDL) in plasma. It binds and catabolizes lipoproteins from tissues to the liver for excretion.","rs5070",20459474,100,53,"0.893","n/a","n/a",3,"G","GG",NA,3,NA,NA,NA
"35",35,4,"Metabolism","PPARA ","PPARA (peroxisome proliferator-activated receptor alpha) is one of three subtypes (alpha, beta/delta, and gamma) of PPARs which affect the expression of genes related to cell proliferation and differentiation, and immune and inflammation responses. PPARA is involved in the regulation of liver, heart, and skeletal muscle lipid metabolism, fatty acid oxidation, and glucose homeostasis.","rs4253778",20044476,438,0,"n/a","n/a","749",1,"G","GG",NA,1,NA,NA,NA
"36",36,4,"Metabolism","PPARD ","PPARD (peroxisome proliferator-activated receptor delta) is a second subtype of PPARs, and is involved in metabolic response including increases in fatty acid oxidation enzymes, mitochondrial biogenesis, and the production of contractile proteins.","rs2016520",19666693,155,240,"0","8.32","2490",4,"C","TT",NA,4,NA,NA,NA
"37",37,4,"Metabolism","PPARD ","PPARD (peroxisome proliferator-activated receptor delta) is a second subtype of PPARs, and is involved in metabolic response including increases in fatty acid oxidation enzymes, mitochondrial biogenesis, and the production of contractile proteins.","rs2267668",17327385,136,0,"0.002","n/a","n/a",3,"A","AA",NA,3,NA,NA,NA
"38",38,4,"recovery","CKMM/ CKM ","CKMM/CKM (creatine kinase, muscle) encodes an enzyme which is central to energy homeostasis and transduction in tissues with large, fluctuating energy demands like skeletal muscle, and is also implicated in skeletal muscle damage tolerance.","rs1803285",17478608,88,0,"0.031","6","749",1,"G","GG",NA,1,NA,NA,NA
"39",39,4,"recovery","IL-6 ","IL6 (interleukin 6 receptor) is a cytokine with a variety of functions including immune system response, cell growth and differentiation regulation, and inflammation and skeletal muscle repair activation. IL6 modulates changes in serum concentrations of high-density lipoprotein cholesterol (HDL) which influences recovery time in response to exercise.","rs1800795",20459474,100,53,"0.015","2.486","n/a",3,"G","CG",NA,3,NA,NA,NA
"40",40,4,"propensity to exercise","DNAPTP6 ","DNAPTP6 (DNA polymerase-transactivated protein 6) is a stress granule and nucleolar protein related to willingness to train","rs12612420",19727025,2622,0,"7.60E-06","1.43","n/a",1,"A","GG",NA,1,NA,NA,NA
"41",41,4,"propensity to exercise","PAPSS2 ","PAPSS2 (3'-phosphoadenosine 5'-phosphosulfate synthase 2) encodes an enzyme with ATP sulfurylase and APS kinase activity that is involved in the sulfation of lipids, carbohydrates, and proteins and is widely expressed in skeletal and smooth muscles and the brain. PAPSS2 has been linked to maximal exercise capacity and it is proposed that exercise ability may be an important determinant of leisure time exercise behavior.","rs10887741",19727025,2622,0,"3.80E-06","1.32","n/a",3,"T","CC",NA,3,NA,NA,NA
"42",42,4,"propensity to exercise","C18orf2 ","C18orf2 (chromosome 18 open reading frame 2) is an uncharacterized protein found to be related to willingness to train","rs8097348",19727025,2622,0,"6.70E-06","1.36","n/a",3,"G","AG",NA,3,NA,NA,NA
"43",43,5,"ligament strength","CILP ","CILP (cartilage intermediate layer protein) is involved in cartilage scaffolding. It is thought to act by suppressing IGF1-induced proliferation and sulfated proteoglycan synthesis, and by inhibiting TGFB1-mediated induction of cartilage matrix genes via its interaction with TGFB1.","rs2073711",19569011,89,0,"0.004","4.1","2438",3,"T","AG",NA,3,NA,NA,NA
"44",44,5,"ligament strength","COL1A1 ","COL1A1 (collagen type I, alpha 1) is a member of group I collagen (fibrillar forming collagen) and is found in most connective tissues, particularly bone, cornea, dermis, and tendon. Type I collagen is the major protein component of ligaments.","rs1800012",19193665,85,256,"0.0002","15","4084",2,"T","AC",NA,2,NA,NA,NA
"45",45,5,"ligament strength","COL5A1 ","COL5A1 (collagen type V, alpha 1) is also a member of group I collagen. It is a minor connective tissue component used in the formation of tendon, ligament, bone, sclera, and cornea.","rs13946a",19654427,129,216,"0.006","6.6","1550",2,"C","CC",NA,2,NA,NA,NA
"46",46,5,"tendon strength","COL1A1 ","COL1A1 (collagen type I, alpha 1) is a member of group I collagen (fibrillar forming collagen) and is found in most connective tissues, particularly bone, cornea, dermis, and tendon. Type I collagen is the major protein component of ligaments.","rs1800012",19193665,117,130,"0.031","0.08","4084",3,"T","AC",NA,3,NA,NA,NA
"47",47,5,"tendon strength","COL5A1 ","COL5A1 (collagen type V, alpha 1) is also a member of group I collagen. It is a minor connective tissue component used in the formation of tendon, ligament, bone, sclera, and cornea.","rs12722",18443036,178,342,"0.001","0.42","4084",1,"C","CC",NA,1,NA,NA,NA
"48",48,5,"tendon strength","COL5A1 ","COL5A1 (collagen type V, alpha 1) is also a member of group I collagen. It is a minor connective tissue component used in the formation of tendon, ligament, bone, sclera, and cornea.","rs3196378",18443036,178,342,"0.016","n/a","4084",1,"T","CC",NA,1,NA,NA,NA
"49",49,5,"tendon strength","GDF5 ","GDF5 (growth differentiation factor 5) encodes a protein that is a member of the bone morphogenetic protein (BMP) family and the TGF-beta superfamily. It is involved in bone formation and skeletal development and may enhance tendon repair and mechanical strength.","rs143383",20360039,171,235,"0.011","2.24","2194",1,"C","AA",NA,1,NA,NA,NA
"50",50,5,"tendon strength","MMP3 ","MMP3 (matrix metallopeptidase 3) is a protein that maintains extracellular matrix homeostasis by degrading fibronectin, laminin, collagens, and cartilage.","rs591058",19042922,114,98,"0.023","2.3","4084",2,"T","TT",NA,2,NA,NA,NA
"51",51,5,"tendon strength","MMP3 ","MMP3 (matrix metallopeptidase 3) is a protein that maintains extracellular matrix homeostasis by degrading fibronectin, laminin, collagens, and cartilage.","rs650108",19042922,114,98,"0.043","4.9","4084",2,"G","GG",NA,2,NA,NA,NA
"52",52,5,"tendon strength","MMP3 ","MMP3 (matrix metallopeptidase 3) is a protein that maintains extracellular matrix homeostasis by degrading fibronectin, laminin, collagens, and cartilage.","rs679620",19042922,114,98,"0.01","2.5","4084",2,"A","TT",NA,2,NA,NA,NA
